permit_number,parcel_identifier,source_system,issuing_agency,improvement_status,permit_issue_date,days_open,contractor_name,contractor_phone,contractor_license,bbb_rating,address_street,address_zip,latitude,longitude,source_url
99-36,16263000U000220000,osceola_appraiser,,open,1998-10-06,10198,,,,,4001 NOLTE RD,34772,28.22751833721168,-81.31345192667725,https://www.property-appraiser.org/data/
98-3642,15252900U000710000,osceola_appraiser,,open,1998-10-27,10177,,,,,333 W COLUMBIA AVE,34741,28.308869562482386,-81.40668146465394,https://www.property-appraiser.org/data/
97 2733,282529163000010680,osceola_appraiser,,open,1998-11-04,10169,,,,,1219 CLAY ST,34741,28.285607859419123,-81.41688917817189,https://www.property-appraiser.org/data/
98-4070,15252900U000710000,osceola_appraiser,,open,1998-12-07,10136,,,,,333 W COLUMBIA AVE,34741,28.308869562482386,-81.40668146465394,https://www.property-appraiser.org/data/
99-783,15252900U000710000,osceola_appraiser,,open,1999-04-07,10015,,,,,333 W COLUMBIA AVE,34741,28.308869562482386,-81.40668146465394,https://www.property-appraiser.org/data/
02-1962,012630000102580030,osceola_appraiser,,open,2002-06-05,8860,,,,,2501 13TH ST,34769,28.245628435898432,-81.29730846268443,https://www.property-appraiser.org/data/
03-1599,1626300757000100C0,osceola_appraiser,,open,2003-04-22,8539,,,,,3121 CRESTWOOD CIR,34769,28.2301372878995,-81.31467619007512,https://www.property-appraiser.org/data/
03-1710,012630000101640190,osceola_appraiser,,open,2003-04-30,8531,,,,,1007 FLORIDA AVE,34769,28.248549107741685,-81.2809169647,https://www.property-appraiser.org/data/
04-359,012630000102530030,osceola_appraiser,,open,2003-11-07,8340,,,,,2001 13TH ST,34769,28.245687634448963,-81.29171754172805,https://www.property-appraiser.org/data/
1531,1626300775000C0040,osceola_appraiser,,open,2004-03-26,8200,,,,,4406 TEKA LN,34772,28.226081430660308,-81.31814403245309,https://www.property-appraiser.org/data/
BP-0405667,152529149000010060,osceola_appraiser,,open,2004-11-12,7969,,,,,323 W CYPRESS ST,34741,28.305968951927746,-81.40737834190257,https://www.property-appraiser.org/data/
16-00003050,012630000101870240,osceola_appraiser,City of St. Cloud,open,2016-06-23,3728,,,,,1101 NEW YORK AVE,34769,28.24782781207298,-81.28336004935605,https://www.property-appraiser.org/data/
BP-18-03939,052529218300011540,osceola_appraiser,City of Kissimmee,open,2018-10-19,2880,WHITE ALUMINUM PRODUCTS,,,,3224 RIVER BRANCH CIR,34741,28.342273308954365,-81.43768379336672,https://www.property-appraiser.org/data/
BP-19-00547,152529141900010010,osceola_appraiser,City of Kissimmee,open,2019-02-26,2750,MCENANY ROOFING INC,,,,2450 N ORANGE BLOSSOM TRL,34744,28.315351284830847,-81.40421722406907,https://www.property-appraiser.org/data/
BP-21-00827,292529146900010730,osceola_appraiser,Osceola County,open,2021-03-17,2000,,,,,3440 PALMER DR,34741,28.28163281532848,-81.44027761180524,https://www.property-appraiser.org/data/
P21-010386,192631495000010935,osceola_appraiser,Osceola County,open,2022-01-30,1681,,,,,3067 RAMBLER,34772,28.20664640062881,-81.2499409204532,https://www.property-appraiser.org/data/
BC-22-0139,242528155100010010,osceola_appraiser,Osceola County,open,2022-03-11,1641,,,,,4444 W VINE ST,34746,28.302314977874268,-81.4589219421782,https://www.property-appraiser.org/data/
A22-004506,2526286180000E0021,osceola_appraiser,Osceola County,open,2022-05-17,1574,,,,,1700 AVENUE B,34758,28.25530144668455,-81.49136102760988,https://www.property-appraiser.org/data/
A22-007716,302530496000010075,osceola_appraiser,Osceola County,open,2022-08-24,1475,,,,,2411 IRLO BRONSON MEM E,34744,28.28182322362184,-81.34508333497357,https://www.property-appraiser.org/data/
P22-013259,072629447000010250,osceola_appraiser,Osceola County,open,2023-01-27,1319,,,,,3200 HARBOR,34746,28.234168266098063,-81.43574555131262,https://www.property-appraiser.org/data/
BC-23-0191,23252917080001004A,osceola_appraiser,Osceola County,open,2023-04-11,1245,,,,,1312 E VINE ST,34744,28.302419359672353,-81.38979879846529,https://www.property-appraiser.org/data/
BC-23-0291,212529223500010013,osceola_appraiser,Osceola County,open,2023-06-13,1182,,,,,1100 N JOHN YOUNG PKWY,34741,28.301853983955542,-81.41711052708423,https://www.property-appraiser.org/data/
BC-23-0295,222529217000100060,osceola_appraiser,Osceola County,open,2023-06-15,1180,,,,,11 BROADWAY,34741,28.29236349579416,-81.40763903875387,https://www.property-appraiser.org/data/
BC-23-0319,19252900U000120000,osceola_appraiser,City of Kissimmee,open,2023-07-25,1140,,,,,1101 N HOAGLAND BLVD,34741,28.30176902144134,-81.44428602797721,https://www.property-appraiser.org/data/
BC-23-0320,222529217000100060,osceola_appraiser,City of Kissimmee,open,2023-07-25,1140,,,,,11 BROADWAY,34741,28.29236349579416,-81.40763903875387,https://www.property-appraiser.org/data/
BC-23-0445,222529217000090050,osceola_appraiser,City of Kissimmee,open,2023-10-03,1070,,,,,401 CHURCH ST,34741,28.29680650387861,-81.40471971330979,https://www.property-appraiser.org/data/
BC-23-0447,2125291816000A0010,osceola_appraiser,City of Kissimmee,open,2023-10-04,1069,,,,,802 W OAK ST,34741,28.300565316835183,-81.41220522405474,https://www.property-appraiser.org/data/
BC-23-0453,2325291568000I0040,osceola_appraiser,City of Kissimmee,open,2023-10-09,1064,,,,,1500 E VINE ST,34744,28.302291440543726,-81.38232389980321,https://www.property-appraiser.org/data/
BC-23-0455,092529000003200000,osceola_appraiser,City of Kissimmee,open,2023-10-11,1062,,,,,2546 N JOHN YOUNG PKWY,34741,28.320603752469918,-81.4165904439419,https://www.property-appraiser.org/data/
P23-006727,0126293641TRAC5205,osceola_appraiser,Osceola County,open,2023-11-01,1041,,,,,2000 EVEN KING RANCH,34744,28.257475339206863,-81.36095587374527,https://www.property-appraiser.org/data/
P23-006728,0126293641TRAC5085,osceola_appraiser,Osceola County,open,2023-11-01,1041,,,,,1700 ODD WALNUT CREEK,34744,28.25682113616034,-81.36405907798755,https://www.property-appraiser.org/data/
BC-23-0484,182530138000010010,osceola_appraiser,City of Kissimmee,open,2023-11-03,1039,,,,,1401 SIMPSON RD,34744,28.30470599290199,-81.34985395579527,https://www.property-appraiser.org/data/
BC-23-0508,222529105000030020,osceola_appraiser,City of Kissimmee,open,2023-12-04,1008,,,,,1311 BAY ST,34744,28.304002584368444,-81.40119056542525,https://www.property-appraiser.org/data/
BC-23-0513,16252900U002500000,osceola_appraiser,City of Kissimmee,open,2023-12-06,1006,,,,,1001 W VINE ST,34741,28.305074016445943,-81.41438193249819,https://www.property-appraiser.org/data/
P23-012151,072530267700441100,osceola_appraiser,Osceola County,open,2023-12-10,1002,,,,,424 LA PAZ,34743,28.318995931149963,-81.36707887414622,https://www.property-appraiser.org/data/
BC-23-0533,212529187400010010,osceola_appraiser,City of Kissimmee,open,2023-12-22,990,,,,,700 W OAK ST,34741,28.299458948280126,-81.41009836526067,https://www.property-appraiser.org/data/
BC-24-0001,152529194000010139,osceola_appraiser,City of Kissimmee,open,2024-01-02,979,,,,,1907 N MAIN ST,34744,28.30836645017206,-81.4031290385731,https://www.property-appraiser.org/data/
BC-24-0064,3325291865000100D0,osceola_appraiser,City of Kissimmee,open,2024-02-14,936,,,,,1400 OAK HAVEN DR,34741,28.270503426794466,-81.4211464547276,https://www.property-appraiser.org/data/
BC-24-0065,3325291865000100D0,osceola_appraiser,City of Kissimmee,open,2024-02-14,936,,,,,1400 OAK HAVEN DR,34741,28.270503426794466,-81.4211464547276,https://www.property-appraiser.org/data/
BC-24-0067,3325291865000100D0,osceola_appraiser,City of Kissimmee,open,2024-02-14,936,,,,,1400 OAK HAVEN DR,34741,28.270503426794466,-81.4211464547276,https://www.property-appraiser.org/data/
BC-24-0068,3325291865000100D0,osceola_appraiser,City of Kissimmee,open,2024-02-14,936,,,,,1400 OAK HAVEN DR,34741,28.270503426794466,-81.4211464547276,https://www.property-appraiser.org/data/
BC-24-0069,3325291865000100D0,osceola_appraiser,City of Kissimmee,open,2024-02-14,936,,,,,1400 OAK HAVEN DR,34741,28.270503426794466,-81.4211464547276,https://www.property-appraiser.org/data/
BC-24-0070,3325291865000100D0,osceola_appraiser,City of Kissimmee,open,2024-02-14,936,,,,,1400 OAK HAVEN DR,34741,28.270503426794466,-81.4211464547276,https://www.property-appraiser.org/data/
BC-24-0071,3325291865000100D0,osceola_appraiser,City of Kissimmee,open,2024-02-14,936,,,,,1400 OAK HAVEN DR,34741,28.270503426794466,-81.4211464547276,https://www.property-appraiser.org/data/
BC-24-0072,3325291865000100D0,osceola_appraiser,City of Kissimmee,open,2024-02-15,935,,,,,1400 OAK HAVEN DR,34741,28.270503426794466,-81.4211464547276,https://www.property-appraiser.org/data/
BC-24-0073,3325291865000100D0,osceola_appraiser,City of Kissimmee,open,2024-02-15,935,,,,,1400 OAK HAVEN DR,34741,28.270503426794466,-81.4211464547276,https://www.property-appraiser.org/data/
BC-24-0074,3325291865000100D0,osceola_appraiser,City of Kissimmee,open,2024-02-15,935,,,,,1400 OAK HAVEN DR,34741,28.270503426794466,-81.4211464547276,https://www.property-appraiser.org/data/
BC-24-0075,3325291865000100D0,osceola_appraiser,City of Kissimmee,open,2024-02-15,935,,,,,1400 OAK HAVEN DR,34741,28.270503426794466,-81.4211464547276,https://www.property-appraiser.org/data/
BC-24-0076,3325291865000100D0,osceola_appraiser,City of Kissimmee,open,2024-02-15,935,,,,,1400 OAK HAVEN DR,34741,28.270503426794466,-81.4211464547276,https://www.property-appraiser.org/data/
MSC-24-0042,212529183700010010,osceola_appraiser,City of Kissimmee,open,2024-02-15,935,,,,,717 N PALM AVE,34741,28.29880637908471,-81.42066942594298,https://www.property-appraiser.org/data/
BC-24-0100,212529225200010010,osceola_appraiser,City of Kissimmee,open,2024-03-06,915,,,,,702 MABBETTE ST,34741,28.29333351532932,-81.41152852291465,https://www.property-appraiser.org/data/
P23-006579,022529408000660065,osceola_appraiser,Osceola County,open,2024-04-01,889,,,,,606 STILL,34744,28.333703762911348,-81.39941148484893,https://www.property-appraiser.org/data/
BC-24-0138,152529104000140100,osceola_appraiser,City of Kissimmee,open,2024-04-10,880,,,,,801 E VINE ST,34744,28.305045738023026,-81.39706625442372,https://www.property-appraiser.org/data/
BC-24-0172,162529190500010080,osceola_appraiser,City of Kissimmee,open,2024-05-09,851,,,,,300 PARK PLACE BLVD,34741,28.313088106131044,-81.4082124451788,https://www.property-appraiser.org/data/
BPT-24-0030,2125291920000E0015,osceola_appraiser,City of Kissimmee,open,2024-05-16,844,,,,,"702 VERONA ST #A/B",34741,28.29249187201463,-81.41121718857238,https://www.property-appraiser.org/data/
BC-24-0188,182529198200010010,osceola_appraiser,City of Kissimmee,open,2024-05-20,840,,,,,3915 W VINE ST,34741,28.304887922274887,-81.44317918226061,https://www.property-appraiser.org/data/
A24-004480,112528321700010030,osceola_appraiser,Osceola County,open,2024-05-22,838,,,,,2880 POINCIANA,34746,28.33144543709732,-81.49022533391147,https://www.property-appraiser.org/data/
A24-004483,112528321700010030,osceola_appraiser,Osceola County,open,2024-05-22,838,,,,,2880 POINCIANA,34746,28.33144543709732,-81.49022533391147,https://www.property-appraiser.org/data/
BC-24-0192,2125291920000Q0045,osceola_appraiser,City of Kissimmee,open,2024-05-29,831,,,,,803 VERONA ST,34741,28.292959391681173,-81.41229362424566,https://www.property-appraiser.org/data/
BC-24-0197,22252900U000100000,osceola_appraiser,City of Kissimmee,open,2024-06-05,824,,,,,1225 UTICA DR,34744,28.302266132589633,-81.39355425291502,https://www.property-appraiser.org/data/
BC-24-0198,22252900U000100000,osceola_appraiser,City of Kissimmee,open,2024-06-05,824,,,,,1225 UTICA DR,34744,28.302266132589633,-81.39355425291502,https://www.property-appraiser.org/data/
A24-005200,062527297500010040,osceola_appraiser,Osceola County,open,2024-06-14,815,,,,,8890 IRLO BRONSON MEM,34747,28.346195950802617,-81.64335016835402,https://www.property-appraiser.org/data/
BC-24-0214,22252900U000100000,osceola_appraiser,City of Kissimmee,open,2024-06-18,811,,,,,1225 UTICA DR,34744,28.302266132589633,-81.39355425291502,https://www.property-appraiser.org/data/
A24-005401,022528359400010020,osceola_appraiser,Osceola County,open,2024-06-24,805,,,,,5041 IRLO BRONSON MEM W,34746,28.333605115448297,-81.4862531227955,https://www.property-appraiser.org/data/
A24-005403,022528359400010020,osceola_appraiser,Osceola County,open,2024-06-24,805,,,,,5031 IRLO BRONSON MEM W,34746,28.333605115448297,-81.4862531227955,https://www.property-appraiser.org/data/
BC-24-0218,22252900U000100000,osceola_appraiser,City of Kissimmee,open,2024-06-24,805,,,,,1225 UTICA DR,34744,28.302266132589633,-81.39355425291502,https://www.property-appraiser.org/data/
BC-24-0219,22252900U000100000,osceola_appraiser,City of Kissimmee,open,2024-06-24,805,,,,,1225 UTICA DR,34744,28.302266132589633,-81.39355425291502,https://www.property-appraiser.org/data/
BC-24-0220,22252900U000100000,osceola_appraiser,City of Kissimmee,open,2024-06-24,805,,,,,1225 UTICA DR,34744,28.302266132589633,-81.39355425291502,https://www.property-appraiser.org/data/
BC-24-0237,22252900U000100000,osceola_appraiser,City of Kissimmee,open,2024-07-16,783,,,,,1225 UTICA DR,34744,28.302266132589633,-81.39355425291502,https://www.property-appraiser.org/data/
BC-24-0238,212529142000010658,osceola_appraiser,City of Kissimmee,open,2024-07-17,782,,,,,322 N JOHN YOUNG PKWY,34741,28.295760047963977,-81.4165159271373,https://www.property-appraiser.org/data/
BC-24-0240,22252900U000100000,osceola_appraiser,City of Kissimmee,open,2024-07-17,782,,,,,1225 UTICA DR,34744,28.302266132589633,-81.39355425291502,https://www.property-appraiser.org/data/
BC-24-0242,172529125900010010,osceola_appraiser,City of Kissimmee,open,2024-07-17,782,,,,,2147 W COLUMBIA AVE,34741,28.308460206179028,-81.42490458291783,https://www.property-appraiser.org/data/
BC-24-0243,22252900U000100000,osceola_appraiser,City of Kissimmee,open,2024-07-17,782,,,,,1225 UTICA DR,34744,28.302266132589633,-81.39355425291502,https://www.property-appraiser.org/data/
BC-24-0244,22252900U000100000,osceola_appraiser,City of Kissimmee,open,2024-07-18,781,,,,,1225 UTICA DR,34744,28.302266132589633,-81.39355425291502,https://www.property-appraiser.org/data/
BC-24-0264,19252900U000930000,osceola_appraiser,City of Kissimmee,open,2024-07-30,769,,,,,4104 W VINE ST,34741,28.30327072304577,-81.44544795962005,https://www.property-appraiser.org/data/
BC-24-0274,212529219000010010,osceola_appraiser,City of Kissimmee,open,2024-08-02,766,,,,,300 N JOHN YOUNG PKWY,34741,28.294930277201995,-81.41644847294992,https://www.property-appraiser.org/data/
A24-006667,092528424000010121,osceola_appraiser,Osceola County,open,2024-08-05,763,,,,,5880 IRLO BRONSON MEM W,34746,28.33228391939534,-81.52029720891588,https://www.property-appraiser.org/data/
A24-006912,09252848040001001B,osceola_appraiser,Osceola County,open,2024-08-12,756,,,,,5680 IRLO BRONSON MEM,34746,28.33188997430288,-81.51260816486379,https://www.property-appraiser.org/data/
A24-006993,122528509400010030,osceola_appraiser,Osceola County,open,2024-08-13,755,,,,,4797 IRLO BRONSON MEM W,34746,28.330718319687556,-81.47279632184888,https://www.property-appraiser.org/data/
BC-24-0282,22252900U001900000,osceola_appraiser,City of Kissimmee,open,2024-08-15,753,,,,,602 E VINE ST,34744,28.304094136390137,-81.39931095971306,https://www.property-appraiser.org/data/
BC-24-0283,212529142000010324,osceola_appraiser,City of Kissimmee,open,2024-08-16,752,,,,,401 W OAK ST,34741,28.301391640920873,-81.40840271177841,https://www.property-appraiser.org/data/
BC-24-0289,072530113900010010,osceola_appraiser,City of Kissimmee,open,2024-08-20,748,,,,,2500 SIMPSON RD,34744,28.317861524909986,-81.34111469889187,https://www.property-appraiser.org/data/
BC-24-0296,22252900U000400000,osceola_appraiser,City of Kissimmee,open,2024-08-26,742,,,,,610 E VINE ST,34744,28.303915617113333,-81.39909078718287,https://www.property-appraiser.org/data/
MSR-24-0439,212529169600010030,osceola_appraiser,City of Kissimmee,open,2024-09-06,731,,,,,800 HARFORD ST,34741,28.294193384141103,-81.41177125521482,https://www.property-appraiser.org/data/
BC-24-0316,2225291050000D0045,osceola_appraiser,City of Kissimmee,open,2024-09-13,724,,,,,903 N MAIN ST,34744,28.29997856813681,-81.40336879308519,https://www.property-appraiser.org/data/
A24-007222,032529458100010020,osceola_appraiser,Osceola County,open,2024-09-18,719,,,,,3284 JOHN YOUNG,34741,28.345324377490325,-81.42216672595083,https://www.property-appraiser.org/data/
BR-24-1226,212529169600010030,osceola_appraiser,City of Kissimmee,open,2024-09-19,718,,,,,800 HARFORD ST,34741,28.294193384141103,-81.41177125521482,https://www.property-appraiser.org/data/
A24-008128,102528371600010074,osceola_appraiser,Osceola County,open,2024-09-25,712,,,,,5324 FAIRFIELD LAKE,34746,28.32958447438488,-81.49939687503122,https://www.property-appraiser.org/data/
BC-24-0321,22252900U000100000,osceola_appraiser,City of Kissimmee,open,2024-09-25,712,,,,,1225 UTICA DR,34744,28.302266132589633,-81.39355425291502,https://www.property-appraiser.org/data/
P24-008168,1726295205000D0330,osceola_appraiser,Osceola County,open,2024-10-01,706,,,,,1800 GRANADA,34746,28.22513329621906,-81.42195137312517,https://www.property-appraiser.org/data/
P24-007596,082531407500010150,osceola_appraiser,Osceola County,open,2024-10-02,705,,,,,5045 MARINA,34771,28.32510259587372,-81.23889351858017,https://www.property-appraiser.org/data/
BC-24-0342,152529217100010030,osceola_appraiser,City of Kissimmee,open,2024-10-15,692,,,,,53 W VINE ST,34741,28.305041008127713,-81.40415698230272,https://www.property-appraiser.org/data/
A23-006938,032529461300010010,osceola_appraiser,Osceola County,open,2024-10-24,683,,,,,2982 ORANGE BLOSSOM N,34741,28.33652848298756,-81.4050766737925,https://www.property-appraiser.org/data/
A24-008805,152529326000030060,osceola_appraiser,Osceola County,open,2024-10-25,682,,,,,2327 SMITH,34744,28.312593636630893,-81.39925119960289,https://www.property-appraiser.org/data/
A24-008984,192527000000100000,osceola_appraiser,Osceola County,open,2024-10-28,679,,,,,8925 LIVIGNO,34747,28.30127991255138,-81.64419993266249,https://www.property-appraiser.org/data/
A24-008985,192527000000100000,osceola_appraiser,Osceola County,open,2024-10-28,679,,,,,8925 LIVIGNO,34747,28.30127991255138,-81.64419993266249,https://www.property-appraiser.org/data/
A24-009029,122728473200010030,osceola_appraiser,Osceola County,open,2024-10-28,679,,,,,4770 MARIGOLD,34758,28.14483906616084,-81.47130191466587,https://www.property-appraiser.org/data/
BC-24-0350,152529202000B20200,osceola_appraiser,City of Kissimmee,open,2024-10-30,677,,,,,203 E VINE ST,34744,28.30468492632084,-81.40201042346573,https://www.property-appraiser.org/data/
A24-009075,2526286100000C0010,osceola_appraiser,Osceola County,open,2024-11-01,675,,,,,3999 MONTEREY,34758,28.173266650621166,-81.49295808901834,https://www.property-appraiser.org/data/
BC-24-0351,192529156200010230,osceola_appraiser,City of Kissimmee,open,2024-11-04,672,,,,,4018 W VINE ST,34741,28.30310337147207,-81.4434372123421,https://www.property-appraiser.org/data/
BC-24-0354,14252900U003030000,osceola_appraiser,City of Kissimmee,open,2024-11-05,671,,,,,1425 E VINE ST,34744,28.30502260594791,-81.38612514268856,https://www.property-appraiser.org/data/
A24-009226,3225284520000A0030,osceola_appraiser,Osceola County,open,2024-11-06,670,,,,,6025 ORANGE BLOSSOM S,33896,28.265083575203207,-81.52545600277911,https://www.property-appraiser.org/data/
BC-24-0356,152529202000B20200,osceola_appraiser,City of Kissimmee,open,2024-11-07,669,,,,,203 E VINE ST,34744,28.30468492632084,-81.40201042346573,https://www.property-appraiser.org/data/
BC-24-0358,162529200400010020,osceola_appraiser,City of Kissimmee,open,2024-11-11,665,,,,,1901 ISLAND CIR,34741,28.30985082472523,-81.4212123061388,https://www.property-appraiser.org/data/
BC-24-0359,2225291050000D0045,osceola_appraiser,City of Kissimmee,open,2024-11-11,665,,,,,903 N MAIN ST,34744,28.29997856813681,-81.40336879308519,https://www.property-appraiser.org/data/
BC-24-0360,162529200400010010,osceola_appraiser,City of Kissimmee,open,2024-11-13,663,,,,,1915 REEF CLUB DR,34741,28.309854192154866,-81.42316904892968,https://www.property-appraiser.org/data/
BC-24-0361,162529200400010010,osceola_appraiser,City of Kissimmee,open,2024-11-13,663,,,,,1915 REEF CLUB DR,34741,28.309854192154866,-81.42316904892968,https://www.property-appraiser.org/data/
BC-24-0362,162529200400010010,osceola_appraiser,City of Kissimmee,open,2024-11-13,663,,,,,1915 REEF CLUB DR,34741,28.309854192154866,-81.42316904892968,https://www.property-appraiser.org/data/
BC-24-0363,162529200400010010,osceola_appraiser,City of Kissimmee,open,2024-11-13,663,,,,,1915 REEF CLUB DR,34741,28.309854192154866,-81.42316904892968,https://www.property-appraiser.org/data/
BC-24-0364,162529200400010010,osceola_appraiser,City of Kissimmee,open,2024-11-13,663,,,,,1915 REEF CLUB DR,34741,28.309854192154866,-81.42316904892968,https://www.property-appraiser.org/data/
BC-24-0365,162529200400010010,osceola_appraiser,City of Kissimmee,open,2024-11-13,663,,,,,1915 REEF CLUB DR,34741,28.309854192154866,-81.42316904892968,https://www.property-appraiser.org/data/
BC-24-0366,162529200400010010,osceola_appraiser,City of Kissimmee,open,2024-11-13,663,,,,,1915 REEF CLUB DR,34741,28.309854192154866,-81.42316904892968,https://www.property-appraiser.org/data/
BC-24-0367,162529200400010010,osceola_appraiser,City of Kissimmee,open,2024-11-13,663,,,,,1915 REEF CLUB DR,34741,28.309854192154866,-81.42316904892968,https://www.property-appraiser.org/data/
BC-24-0368,162529200400010010,osceola_appraiser,City of Kissimmee,open,2024-11-13,663,,,,,1915 REEF CLUB DR,34741,28.309854192154866,-81.42316904892968,https://www.property-appraiser.org/data/
A24-009691,102527545200010010,osceola_appraiser,Osceola County,open,2024-11-20,656,,,,,7700 WESTGATE,34747,28.33064342100454,-81.59877981938553,https://www.property-appraiser.org/data/
BC-24-0399,162529200400010010,osceola_appraiser,City of Kissimmee,open,2024-11-25,651,Marlyn  Bryant,,,,1915 REEF CLUB DR,34741,28.309854192154866,-81.42316904892968,https://www.property-appraiser.org/data/
BC-24-0400,162529200400010010,osceola_appraiser,City of Kissimmee,open,2024-11-25,651,Marlyn  Bryant,,,,1915 REEF CLUB DR,34741,28.309854192154866,-81.42316904892968,https://www.property-appraiser.org/data/
BC-24-0401,162529200400010010,osceola_appraiser,City of Kissimmee,open,2024-11-25,651,Marlyn  Bryant,,,,1915 REEF CLUB DR,34741,28.309854192154866,-81.42316904892968,https://www.property-appraiser.org/data/
BC-24-0402,162529200400010010,osceola_appraiser,City of Kissimmee,open,2024-11-25,651,Marlyn  Bryant,,,,1915 REEF CLUB DR,34741,28.309854192154866,-81.42316904892968,https://www.property-appraiser.org/data/
BC-24-0403,162529200400010010,osceola_appraiser,City of Kissimmee,open,2024-11-25,651,Marlyn  Bryant,,,,1915 REEF CLUB DR,34741,28.309854192154866,-81.42316904892968,https://www.property-appraiser.org/data/
BC-24-0404,162529200400010010,osceola_appraiser,City of Kissimmee,open,2024-11-25,651,Marlyn  Bryant,,,,1915 REEF CLUB DR,34741,28.309854192154866,-81.42316904892968,https://www.property-appraiser.org/data/
BC-24-0405,162529200400010010,osceola_appraiser,City of Kissimmee,open,2024-11-25,651,Marlyn  Bryant,,,,1915 REEF CLUB DR,34741,28.309854192154866,-81.42316904892968,https://www.property-appraiser.org/data/
BC-24-0406,162529200400010010,osceola_appraiser,City of Kissimmee,open,2024-11-25,651,Marlyn  Bryant,,,,1915 REEF CLUB DR,34741,28.309854192154866,-81.42316904892968,https://www.property-appraiser.org/data/
BC-24-0407,162529200400010010,osceola_appraiser,City of Kissimmee,open,2024-11-25,651,Marlyn  Bryant,,,,1915 REEF CLUB DR,34741,28.309854192154866,-81.42316904892968,https://www.property-appraiser.org/data/
BC-24-0408,162529200400010010,osceola_appraiser,City of Kissimmee,open,2024-11-25,651,Marlyn  Bryant,,,,1915 REEF CLUB DR,34741,28.309854192154866,-81.42316904892968,https://www.property-appraiser.org/data/
BC-24-0409,162529200400010010,osceola_appraiser,City of Kissimmee,open,2024-11-25,651,Marlyn  Bryant,,,,1915 REEF CLUB DR,34741,28.309854192154866,-81.42316904892968,https://www.property-appraiser.org/data/
BC-24-0410,162529200400010020,osceola_appraiser,City of Kissimmee,open,2024-11-26,650,Marlyn  Bryant,,,,1901 ISLAND CIR,34741,28.30985082472523,-81.4212123061388,https://www.property-appraiser.org/data/
BC-24-0411,162529200400010020,osceola_appraiser,City of Kissimmee,open,2024-11-26,650,Marlyn  Bryant,,,,1901 ISLAND CIR,34741,28.30985082472523,-81.4212123061388,https://www.property-appraiser.org/data/
BC-24-0412,162529200400010020,osceola_appraiser,City of Kissimmee,open,2024-11-26,650,Marlyn  Bryant,,,,1901 ISLAND CIR,34741,28.30985082472523,-81.4212123061388,https://www.property-appraiser.org/data/
BC-24-0413,162529200400010020,osceola_appraiser,City of Kissimmee,open,2024-11-26,650,Marlyn  Bryant,,,,1901 ISLAND CIR,34741,28.30985082472523,-81.4212123061388,https://www.property-appraiser.org/data/
BC-24-0414,162529200400010020,osceola_appraiser,City of Kissimmee,open,2024-11-26,650,Marlyn  Bryant,,,,1901 ISLAND CIR,34741,28.30985082472523,-81.4212123061388,https://www.property-appraiser.org/data/
BC-24-0415,162529200400010020,osceola_appraiser,City of Kissimmee,open,2024-11-26,650,Marlyn  Bryant,,,,1901 ISLAND CIR,34741,28.30985082472523,-81.4212123061388,https://www.property-appraiser.org/data/
BC-24-0416,162529200400010020,osceola_appraiser,City of Kissimmee,open,2024-11-26,650,Marlyn  Bryant,,,,1901 ISLAND CIR,34741,28.30985082472523,-81.4212123061388,https://www.property-appraiser.org/data/
BC-24-0417,162529200400010020,osceola_appraiser,City of Kissimmee,open,2024-11-26,650,Marlyn  Bryant,,,,1901 ISLAND CIR,34741,28.30985082472523,-81.4212123061388,https://www.property-appraiser.org/data/
BC-24-0418,162529200400010020,osceola_appraiser,City of Kissimmee,open,2024-11-26,650,Marlyn  Bryant,,,,1901 ISLAND CIR,34741,28.30985082472523,-81.4212123061388,https://www.property-appraiser.org/data/
BC-24-0419,162529200400010020,osceola_appraiser,City of Kissimmee,open,2024-11-26,650,Marlyn  Bryant,,,,1901 ISLAND CIR,34741,28.30985082472523,-81.4212123061388,https://www.property-appraiser.org/data/
BC-24-0420,162529200400010020,osceola_appraiser,City of Kissimmee,open,2024-11-26,650,Marlyn  Bryant,,,,1901 ISLAND CIR,34741,28.30985082472523,-81.4212123061388,https://www.property-appraiser.org/data/
BC-24-0421,162529200400010020,osceola_appraiser,City of Kissimmee,open,2024-11-26,650,Marlyn  Bryant,,,,1901 ISLAND CIR,34741,28.30985082472523,-81.4212123061388,https://www.property-appraiser.org/data/
BC-24-0422,162529200400010020,osceola_appraiser,City of Kissimmee,open,2024-11-26,650,Marlyn  Bryant,,,,1901 ISLAND CIR,34741,28.30985082472523,-81.4212123061388,https://www.property-appraiser.org/data/
BC-24-0423,162529200400010020,osceola_appraiser,City of Kissimmee,open,2024-11-26,650,Marlyn  Bryant,,,,1901 ISLAND CIR,34741,28.30985082472523,-81.4212123061388,https://www.property-appraiser.org/data/
BC-24-0424,162529200400010020,osceola_appraiser,City of Kissimmee,open,2024-11-26,650,Marlyn  Bryant,,,,1901 ISLAND CIR,34741,28.30985082472523,-81.4212123061388,https://www.property-appraiser.org/data/
BC-24-0425,162529200400010020,osceola_appraiser,City of Kissimmee,open,2024-11-26,650,Marlyn  Bryant,,,,1901 ISLAND CIR,34741,28.30985082472523,-81.4212123061388,https://www.property-appraiser.org/data/
BC-24-0426,162529200400010020,osceola_appraiser,City of Kissimmee,open,2024-11-26,650,Marlyn  Bryant,,,,1901 ISLAND CIR,34741,28.30985082472523,-81.4212123061388,https://www.property-appraiser.org/data/
BC-24-0427,162529200400010020,osceola_appraiser,City of Kissimmee,open,2024-11-26,650,Marlyn  Bryant,,,,1901 ISLAND CIR,34741,28.30985082472523,-81.4212123061388,https://www.property-appraiser.org/data/
BC-24-0428,162529200400010020,osceola_appraiser,City of Kissimmee,open,2024-11-26,650,Marlyn  Bryant,,,,1901 ISLAND CIR,34741,28.30985082472523,-81.4212123061388,https://www.property-appraiser.org/data/
BC-24-0429,162529200400010020,osceola_appraiser,City of Kissimmee,open,2024-11-26,650,Marlyn  Bryant,,,,1901 ISLAND CIR,34741,28.30985082472523,-81.4212123061388,https://www.property-appraiser.org/data/
BC-24-0430,162529200400010020,osceola_appraiser,City of Kissimmee,open,2024-11-26,650,Marlyn  Bryant,,,,1901 ISLAND CIR,34741,28.30985082472523,-81.4212123061388,https://www.property-appraiser.org/data/
BC-24-0431,162529200400010020,osceola_appraiser,City of Kissimmee,open,2024-11-26,650,Marlyn  Bryant,,,,1901 ISLAND CIR,34741,28.30985082472523,-81.4212123061388,https://www.property-appraiser.org/data/
BC-24-0432,162529200400010020,osceola_appraiser,City of Kissimmee,open,2024-11-26,650,Marlyn  Bryant,,,,1901 ISLAND CIR,34741,28.30985082472523,-81.4212123061388,https://www.property-appraiser.org/data/
BC-24-0433,162529200400010020,osceola_appraiser,City of Kissimmee,open,2024-11-26,650,Marlyn  Bryant,,,,1901 ISLAND CIR,34741,28.30985082472523,-81.4212123061388,https://www.property-appraiser.org/data/
BC-24-0434,162529200400010020,osceola_appraiser,City of Kissimmee,open,2024-11-26,650,Marlyn  Bryant,,,,1901 ISLAND CIR,34741,28.30985082472523,-81.4212123061388,https://www.property-appraiser.org/data/
BC-24-0435,162529200400010020,osceola_appraiser,City of Kissimmee,open,2024-11-26,650,Marlyn  Bryant,,,,1901 ISLAND CIR,34741,28.30985082472523,-81.4212123061388,https://www.property-appraiser.org/data/
BC-24-0438,14252900U000430000,osceola_appraiser,City of Kissimmee,open,2024-12-01,645,MATTHEW  ANGIULLI,,,,1317 BOULDER DR,34744,28.30893346797982,-81.39038508369266,https://www.property-appraiser.org/data/
BC-24-0441,14252900U000430000,osceola_appraiser,City of Kissimmee,open,2024-12-05,641,MATTHEW  ANGIULLI,,,,1317 BOULDER DR,34744,28.30893346797982,-81.39038508369266,https://www.property-appraiser.org/data/
BC-24-0442,14252900U000430000,osceola_appraiser,City of Kissimmee,open,2024-12-05,641,MATTHEW  ANGIULLI,,,,1317 BOULDER DR,34744,28.30893346797982,-81.39038508369266,https://www.property-appraiser.org/data/
BC-24-0443,14252900U000430000,osceola_appraiser,City of Kissimmee,open,2024-12-05,641,MATTHEW  ANGIULLI,,,,1317 BOULDER DR,34744,28.30893346797982,-81.39038508369266,https://www.property-appraiser.org/data/
BC-24-0444,14252900U000430000,osceola_appraiser,City of Kissimmee,open,2024-12-05,641,MATTHEW  ANGIULLI,,,,1317 BOULDER DR,34744,28.30893346797982,-81.39038508369266,https://www.property-appraiser.org/data/
BC-24-0445,14252900U000430000,osceola_appraiser,City of Kissimmee,open,2024-12-05,641,MATTHEW  ANGIULLI,,,,1317 BOULDER DR,34744,28.30893346797982,-81.39038508369266,https://www.property-appraiser.org/data/
BC-24-0446,14252900U000430000,osceola_appraiser,City of Kissimmee,open,2024-12-05,641,MATTHEW  ANGIULLI,,,,1317 BOULDER DR,34744,28.30893346797982,-81.39038508369266,https://www.property-appraiser.org/data/
BC-24-0447,14252900U000430000,osceola_appraiser,City of Kissimmee,open,2024-12-05,641,MATTHEW  ANGIULLI,,,,1317 BOULDER DR,34744,28.30893346797982,-81.39038508369266,https://www.property-appraiser.org/data/
BC-24-0448,14252900U000430000,osceola_appraiser,City of Kissimmee,open,2024-12-05,641,MATTHEW  ANGIULLI,,,,1317 BOULDER DR,34744,28.30893346797982,-81.39038508369266,https://www.property-appraiser.org/data/
BC-24-0449,14252900U000430000,osceola_appraiser,City of Kissimmee,open,2024-12-05,641,MATTHEW  ANGIULLI,,,,1317 BOULDER DR,34744,28.30893346797982,-81.39038508369266,https://www.property-appraiser.org/data/
BC-24-0450,14252900U000430000,osceola_appraiser,City of Kissimmee,open,2024-12-05,641,MATTHEW  ANGIULLI,,,,1317 BOULDER DR,34744,28.30893346797982,-81.39038508369266,https://www.property-appraiser.org/data/
BC-24-0451,14252900U000430000,osceola_appraiser,City of Kissimmee,open,2024-12-05,641,MATTHEW  ANGIULLI,,,,1317 BOULDER DR,34744,28.30893346797982,-81.39038508369266,https://www.property-appraiser.org/data/
BC-24-0452,14252900U000430000,osceola_appraiser,City of Kissimmee,open,2024-12-05,641,MATTHEW  ANGIULLI,,,,1317 BOULDER DR,34744,28.30893346797982,-81.39038508369266,https://www.property-appraiser.org/data/
BC-24-0453,14252900U000430000,osceola_appraiser,City of Kissimmee,open,2024-12-05,641,MATTHEW  ANGIULLI,,,,1317 BOULDER DR,34744,28.30893346797982,-81.39038508369266,https://www.property-appraiser.org/data/
BC-24-0454,14252900U000430000,osceola_appraiser,City of Kissimmee,open,2024-12-05,641,MATTHEW  ANGIULLI,,,,1317 BOULDER DR,34744,28.30893346797982,-81.39038508369266,https://www.property-appraiser.org/data/
BC-24-0455,14252900U000430000,osceola_appraiser,City of Kissimmee,open,2024-12-05,641,MATTHEW  ANGIULLI,,,,1317 BOULDER DR,34744,28.30893346797982,-81.39038508369266,https://www.property-appraiser.org/data/
BC-24-0456,14252900U000430000,osceola_appraiser,City of Kissimmee,open,2024-12-05,641,MATTHEW  ANGIULLI,,,,1317 BOULDER DR,34744,28.30893346797982,-81.39038508369266,https://www.property-appraiser.org/data/
BC-24-0457,14252900U000430000,osceola_appraiser,City of Kissimmee,open,2024-12-05,641,MATTHEW  ANGIULLI,,,,1317 BOULDER DR,34744,28.30893346797982,-81.39038508369266,https://www.property-appraiser.org/data/
P24-008942,162630547300010380,osceola_appraiser,Osceola County,open,2024-12-06,640,,,,,2800 OLD CANOE CREEK,34772,28.20895057922243,-81.30333081358111,https://www.property-appraiser.org/data/
P24-007390,182632259900013440,osceola_appraiser,Osceola County,open,2024-12-11,635,,,,,2345 Bronco,34771,28.235541031740013,-81.1502903402368,https://www.property-appraiser.org/data/
A24-010352,122728473200010050,osceola_appraiser,Osceola County,open,2024-12-12,634,,,,,4680 MARIGOLD,34758,28.146135256827257,-81.47173506739487,https://www.property-appraiser.org/data/
BC-24-0463,14252900U001540000,osceola_appraiser,City of Kissimmee,open,2024-12-13,633,KEVIN  DAUS,,,,1485 MILL SLOUGH RD,34744,28.31649615273675,-81.38380408310906,https://www.property-appraiser.org/data/
BC-24-0466,18252900U000440000,osceola_appraiser,City of Kissimmee,open,2024-12-20,626,Jose  Morales,,,,4135 W VINE ST,34741,28.304974576807332,-81.44792522601416,https://www.property-appraiser.org/data/
BC-24-0470,182530000000520000,osceola_appraiser,City of Kissimmee,open,2024-12-30,616,Jose  Morales,,,,2275 FORTUNE RD,34744,28.305493613406004,-81.35143214466922,https://www.property-appraiser.org/data/
BC-25-0004,202529156300010020,osceola_appraiser,City of Kissimmee,open,2025-01-07,608,Daisy  Leach,,,,800 ARMSTRONG BLVD,34741,28.298976434622112,-81.44161382118672,https://www.property-appraiser.org/data/
BC-25-0005,292529515000010160,osceola_appraiser,City of Kissimmee,open,2025-01-07,608,JOSE  COSTA,,,,1006 S THACKER AVE,34741,28.28178541873774,-81.4247726499993,https://www.property-appraiser.org/data/
A25-000067,073132000000400000,osceola_appraiser,Osceola County,open,2025-01-09,606,,,,,3201 STATE RD 60,34972,27.796713898091877,-81.15593889889061,https://www.property-appraiser.org/data/
A25-000123,2526286184000L0011,osceola_appraiser,Osceola County,open,2025-01-10,605,,,,,1818 POINCIANA,34758,28.248182878905236,-81.49009474877515,https://www.property-appraiser.org/data/
BC-25-0007,152529105000TL0035,osceola_appraiser,City of Kissimmee,open,2025-01-10,605,DARRYL  CULBRETH,,,,1514 BRACK ST,34744,28.306153299475334,-81.40238380401527,https://www.property-appraiser.org/data/
BC-25-0011,182529158200010030,osceola_appraiser,City of Kissimmee,open,2025-01-20,595,DONALD  STORM,,,,4313 W VINE ST,34746,28.304584753916842,-81.45578400535477,https://www.property-appraiser.org/data/
P24-008591,202531425700011820,osceola_appraiser,Osceola County,open,2025-01-21,594,,,,,5178 APPENINE EAST,34771,28.303189324216277,-81.23292267770698,https://www.property-appraiser.org/data/
A25-000566,2526286100000K0010,osceola_appraiser,Osceola County,open,2025-01-24,591,,,,,3450 MARIGOLD,34758,28.18767568319723,-81.5001066803553,https://www.property-appraiser.org/data/
P24-012597,022730495000010470,osceola_appraiser,Osceola County,open,2025-01-29,586,,,,,4145 LIPPMAN,34772,28.168314123796296,-81.27925121597306,https://www.property-appraiser.org/data/
BC-25-0027,2025292070000A0100,osceola_appraiser,City of Kissimmee,open,2025-02-12,572,Pablo  Segarra,,,,3518 W VINE ST,34741,28.303981054395816,-81.43910622286981,https://www.property-appraiser.org/data/
BC-25-0039,212529167000090060,osceola_appraiser,City of Kissimmee,open,2025-02-19,565,,,,,1216 W VINE ST,34741,28.304172167496336,-81.4167223610771,https://www.property-appraiser.org/data/
A25-001740,112728400300010010,osceola_appraiser,Osceola County,open,2025-02-25,559,,,,,281 STONES THROW,34758,28.149699568890185,-81.47420330844525,https://www.property-appraiser.org/data/
A25-001749,112728400300010010,osceola_appraiser,Osceola County,open,2025-02-25,559,,,,,271 STONES THROW,34758,28.149699568890185,-81.47420330844525,https://www.property-appraiser.org/data/
A25-001756,112728400300010010,osceola_appraiser,Osceola County,open,2025-02-25,559,,,,,286 STONES THROW,34758,28.149699568890185,-81.47420330844525,https://www.property-appraiser.org/data/
A25-001762,112728400300010010,osceola_appraiser,Osceola County,open,2025-02-25,559,,,,,291 STONES THROW,34758,28.149699568890185,-81.47420330844525,https://www.property-appraiser.org/data/
BC-25-0059,222529217000200015,osceola_appraiser,City of Kissimmee,open,2025-02-25,559,KENNY  MELLICK,,,,312 BROADWAY,34741,28.29431058300211,-81.40471326989393,https://www.property-appraiser.org/data/
A25-001727,182530265800012300,osceola_appraiser,Osceola County,open,2025-02-26,558,,,,,1421 SIMPSON,34744,28.30561302141652,-81.34930723204107,https://www.property-appraiser.org/data/
BC-25-0068,212529180900010110,osceola_appraiser,City of Kissimmee,open,2025-03-05,551,Edward  Petrow III,,,,710 OAK COMMONS BLVD,34741,28.301936560564915,-81.41108524933485,https://www.property-appraiser.org/data/
BC-25-0078,212529223100010010,osceola_appraiser,City of Kissimmee,open,2025-03-14,542,VLADIMIR  ENCIO,,,,711 N THACKER AVE,34741,28.29814170080817,-81.42372811175748,https://www.property-appraiser.org/data/
BR-25-0474,282529180000020150,osceola_appraiser,City of Kissimmee,open,2025-03-17,539,,,,,1707 SUNNY ST,34741,28.28454748714833,-81.42180027846366,https://www.property-appraiser.org/data/
BC-25-0080,212529235600010C10,osceola_appraiser,City of Kissimmee,open,2025-03-18,538,DARRELL  LEWIS,,,,"1400 W OAK ST #H",34741,28.30011622369094,-81.41781480103865,https://www.property-appraiser.org/data/
BC-25-0081,192529156200010240,osceola_appraiser,City of Kissimmee,open,2025-03-18,538,JUAN  JARAMILLO,,,,4024 W VINE ST,34741,28.303692753283578,-81.44405497378419,https://www.property-appraiser.org/data/
BR-25-0513,252528164800011520,osceola_appraiser,City of Kissimmee,open,2025-03-25,531,,,,,4536 PHILADELPHIA CIR,34746,28.276499422818027,-81.46282714546889,https://www.property-appraiser.org/data/
BC-25-0086,22252900U000150000,osceola_appraiser,City of Kissimmee,open,2025-03-27,529,,,,,1040 KEVSTIN DR,34744,28.30252192929484,-81.39487813280299,https://www.property-appraiser.org/data/
BC-25-0091,152529158400010010,osceola_appraiser,City of Kissimmee,open,2025-04-02,523,,,,,1904 MICHIGAN AVE,34744,28.3085491127499,-81.39203664273236,https://www.property-appraiser.org/data/
A25-002788,06252729510001COMM,osceola_appraiser,Osceola County,open,2025-04-04,521,,,,,3200 LEGACY,34747,28.340705453907738,-81.644922814235,https://www.property-appraiser.org/data/
A25-002903,022528372200010020,osceola_appraiser,Osceola County,open,2025-04-07,518,,,,,5151 KYNGS HEATH,34746,28.336031199370698,-81.48896870134868,https://www.property-appraiser.org/data/
BC-25-0094,14252900U001820000,osceola_appraiser,City of Kissimmee,open,2025-04-07,518,OTNIEL   ALVAREZ,,,,1525 MILL SLOUGH RD,34744,28.316184763060022,-81.38259520604636,https://www.property-appraiser.org/data/
BC-25-0097,212529192000CC0020,osceola_appraiser,City of Kissimmee,open,2025-04-09,516,Adrian  Costache Costache,,,,121 S JOHN YOUNG PKWY,34741,28.2901536338208,-81.41565109664498,https://www.property-appraiser.org/data/
A25-003207,172530361700010G10,osceola_appraiser,Osceola County,open,2025-04-15,510,,,,,2801 KISSIMMEE BAY,34744,28.30798713547871,-81.32781225539534,https://www.property-appraiser.org/data/
BC-25-0100,152529105000BL0040,osceola_appraiser,City of Kissimmee,open,2025-04-15,510,Tatiana  Myers,,,,400 E COLUMBIA AVE,34744,28.307762239016693,-81.40063264789615,https://www.property-appraiser.org/data/
MSR-25-0147,112529171300010970,osceola_appraiser,City of Kissimmee,open,2025-04-15,510,,,,,1419 ORCHID LN,34744,28.322370432622613,-81.38615748379597,https://www.property-appraiser.org/data/
BC-25-0102,30252900U000120000,osceola_appraiser,City of Kissimmee,open,2025-04-19,506,ULRICK  ALFRED,,,,4010 4TH ST,34741,28.289248283575336,-81.44379066361152,https://www.property-appraiser.org/data/
BC-25-0104,17252900U001150000,osceola_appraiser,City of Kissimmee,open,2025-04-21,504,Ken  Durden,,,,3251 W VINE ST,34741,28.30494049167319,-81.43693483562438,https://www.property-appraiser.org/data/
P25-001747,322531313000010140,osceola_appraiser,Osceola County,open,2025-04-28,497,,,,,1210 HACKNEY,34771,28.27499596508397,-81.23473854433551,https://www.property-appraiser.org/data/
BC-25-0119,22252900U000150000,osceola_appraiser,City of Kissimmee,open,2025-05-06,489,Rick R Lundberg,,,,1040 KEVSTIN DR,34744,28.30252192929484,-81.39487813280299,https://www.property-appraiser.org/data/
BC-25-0120,022529202400010020,osceola_appraiser,City of Kissimmee,open,2025-05-06,489,SANTIAGO  LOPEZ,,,,3075 MICHIGAN AVE,34744,28.338863478997315,-81.38842971694494,https://www.property-appraiser.org/data/
A25-004095,302629472200010020,osceola_appraiser,Osceola County,open,2025-05-13,482,,,,,3310 PLEASANT HILL,34746,28.197904425819416,-81.44052111583511,https://www.property-appraiser.org/data/
BC-25-0134,282529136600010010,osceola_appraiser,City of Kissimmee,open,2025-05-13,482,Yoandy  Flores Cruz,,,,1216 PATRICK ST,34741,28.289584715590287,-81.41684458571784,https://www.property-appraiser.org/data/
BC-25-0136,2125291920000Z0020,osceola_appraiser,City of Kissimmee,open,2025-05-14,481,Sergey V Orlov,,,,920 EMMETT ST,34741,28.291419608236772,-81.4140223297893,https://www.property-appraiser.org/data/
A25-004065,06252729510001COMM,osceola_appraiser,Osceola County,open,2025-05-19,476,,,,,3200 LEGACY,34747,28.340705453907738,-81.644922814235,https://www.property-appraiser.org/data/
BC-25-0138,2525281517000100A0,osceola_appraiser,City of Kissimmee,open,2025-05-19,476,KEVIN  DAUS,,,,210 S BASS RD,34746,28.288487502285403,-81.45947932308123,https://www.property-appraiser.org/data/
BC-25-0142,242529000000200000,osceola_appraiser,City of Kissimmee,open,2025-05-22,473,GREGORY  GRUDOVICH,,,,2080 FORTUNE RD,34744,28.30326449847655,-81.35965455687464,https://www.property-appraiser.org/data/
A25-004507,2526286180000E0012,osceola_appraiser,Osceola County,open,2025-05-28,467,,,,,1785 AVENUE A,34758,28.25312710445745,-81.49273305314681,https://www.property-appraiser.org/data/
A25-003773,042527465600010070,osceola_appraiser,Osceola County,open,2025-05-29,466,,,,,3233 ROLLING OAKS,34747,28.344589642717917,-81.6114896711772,https://www.property-appraiser.org/data/
BC-25-0152,212529142000010110,osceola_appraiser,City of Kissimmee,open,2025-05-30,465,Victor V Velozo,,,,1412 W VINE ST,34741,28.30409380682648,-81.41829210805311,https://www.property-appraiser.org/data/
BC-25-0156,2125291920000J0040,osceola_appraiser,City of Kissimmee,open,2025-06-02,462,,,,,18 S ORLANDO AVE,34741,28.290990253556846,-81.40916887874552,https://www.property-appraiser.org/data/
BC-25-0158,152529205000120015,osceola_appraiser,City of Kissimmee,open,2025-06-03,461,ROMMEL  FONTANA,,,,1420 ROSS AVE,34744,28.306270493873186,-81.39873799232133,https://www.property-appraiser.org/data/
BC-25-0164,182529000000150000,osceola_appraiser,City of Kissimmee,open,2025-06-05,459,Francisco  Dalmau,,,,4005 BISMARK DR,34741,28.316994615046614,-81.44300622937557,https://www.property-appraiser.org/data/
BC-25-0167,192529154300010010,osceola_appraiser,City of Kissimmee,open,2025-06-05,459,Cody  Hastings,,,,3834 W VINE ST,34741,28.303982709553875,-81.4408968500814,https://www.property-appraiser.org/data/
BR-25-0897,352528161100010850,osceola_appraiser,City of Kissimmee,open,2025-06-05,459,Marcos Jose  Esteves Cavalcanti Filho,,,,4818 WORCHESTER DR,34746,28.26620432403351,-81.47625797331628,https://www.property-appraiser.org/data/
A25-004934,022527479500010010,osceola_appraiser,Osceola County,open,2025-06-11,453,,,,,2950 REEDY CREEK,34747,28.334487615481272,-81.58409338212695,https://www.property-appraiser.org/data/
A25-004962,022527479500010010,osceola_appraiser,Osceola County,open,2025-06-11,453,,,,,2960 Reedy Creek,34747,28.334487615481272,-81.58409338212695,https://www.property-appraiser.org/data/
A25-004963,022527479500010010,osceola_appraiser,Osceola County,open,2025-06-11,453,,,,,3000 REEDY CREEK,34747,28.334487615481272,-81.58409338212695,https://www.property-appraiser.org/data/
A25-004965,022527479500010010,osceola_appraiser,Osceola County,open,2025-06-11,453,,,,,2970 Reedy Creek,34747,28.334487615481272,-81.58409338212695,https://www.property-appraiser.org/data/
A25-004966,022527479500010010,osceola_appraiser,Osceola County,open,2025-06-11,453,,,,,2980 Reedy Creek,34747,28.334487615481272,-81.58409338212695,https://www.property-appraiser.org/data/
BC-25-0188,182529000000150000,osceola_appraiser,City of Kissimmee,open,2025-06-13,451,Francisco  Dalmau,,,,4005 BISMARK DR,34741,28.316994615046614,-81.44300622937557,https://www.property-appraiser.org/data/
BC-25-0189,182529000000150000,osceola_appraiser,City of Kissimmee,open,2025-06-13,451,Francisco  Dalmau,,,,4005 BISMARK DR,34741,28.316994615046614,-81.44300622937557,https://www.property-appraiser.org/data/
BC-25-0190,182529000000150000,osceola_appraiser,City of Kissimmee,open,2025-06-13,451,Francisco  Dalmau,,,,4005 BISMARK DR,34741,28.316994615046614,-81.44300622937557,https://www.property-appraiser.org/data/
BC-25-0191,182529000000150000,osceola_appraiser,City of Kissimmee,open,2025-06-13,451,Francisco  Dalmau,,,,4005 BISMARK DR,34741,28.316994615046614,-81.44300622937557,https://www.property-appraiser.org/data/
BC-25-0192,182529000000150000,osceola_appraiser,City of Kissimmee,open,2025-06-13,451,Francisco  Dalmau,,,,4005 BISMARK DR,34741,28.316994615046614,-81.44300622937557,https://www.property-appraiser.org/data/
BC-25-0193,182529000000150000,osceola_appraiser,City of Kissimmee,open,2025-06-13,451,Francisco  Dalmau,,,,4005 BISMARK DR,34741,28.316994615046614,-81.44300622937557,https://www.property-appraiser.org/data/
BC-25-0194,182529000000150000,osceola_appraiser,City of Kissimmee,open,2025-06-13,451,Francisco  Dalmau,,,,4005 BISMARK DR,34741,28.316994615046614,-81.44300622937557,https://www.property-appraiser.org/data/
BC-25-0195,182529000000150000,osceola_appraiser,City of Kissimmee,open,2025-06-13,451,Francisco  Dalmau,,,,4005 BISMARK DR,34741,28.316994615046614,-81.44300622937557,https://www.property-appraiser.org/data/
BC-25-0196,182529000000150000,osceola_appraiser,City of Kissimmee,open,2025-06-13,451,Francisco  Dalmau,,,,4005 BISMARK DR,34741,28.316994615046614,-81.44300622937557,https://www.property-appraiser.org/data/
BC-25-0198,19252900U002010000,osceola_appraiser,City of Kissimmee,open,2025-06-15,449,Mconeill  Rosado,,,,4156 W VINE ST,34741,28.30294698333489,-81.44768922018169,https://www.property-appraiser.org/data/
BC-25-0203,09252900U001700000,osceola_appraiser,City of Kissimmee,open,2025-06-20,444,Robert P Kornahrens,,,,2704 N JOHN YOUNG PKWY,34741,28.32855600194162,-81.41717261842696,https://www.property-appraiser.org/data/
MSR-25-0269,112529235700010870,osceola_appraiser,City of Kissimmee,open,2025-06-20,444,,,,,2904 OAK RUN BLVD,34744,28.33072160327977,-81.37985148593327,https://www.property-appraiser.org/data/
A25-005253,032529457700010040,osceola_appraiser,Osceola County,open,2025-06-23,441,,,,,3021 JOHN YOUNG,34741,28.338032584772996,-81.41890905606999,https://www.property-appraiser.org/data/
MSR-25-0274,082529103200010450,osceola_appraiser,City of Kissimmee,open,2025-06-24,440,,,,,2701 SWOOP CIR,34741,28.33197198427418,-81.42703638323884,https://www.property-appraiser.org/data/
P25-005000,202629288200011770,osceola_appraiser,Osceola County,open,2025-06-24,440,,,,,3230 HOPEWELL,34746,28.20252223674917,-81.43349692634588,https://www.property-appraiser.org/data/
P25-007012,292629324600010280,osceola_appraiser,Osceola County,open,2025-06-24,440,,,,,800 WINDLASS,34746,28.183847169543085,-81.41042014724103,https://www.property-appraiser.org/data/
A25-005532,252628340300010090,osceola_appraiser,Osceola County,open,2025-06-26,438,,,,,3326 SUMMERDALE,34746,28.19804466228581,-81.4575740432076,https://www.property-appraiser.org/data/
BC-25-0213,212529180900010090,osceola_appraiser,City of Kissimmee,open,2025-06-26,438,Daniel  Levesque,,,,604 OAK COMMONS BLVD,34741,28.301565025638244,-81.41024864510943,https://www.property-appraiser.org/data/
BR-25-0997,112529235700010870,osceola_appraiser,City of Kissimmee,open,2025-06-26,438,Hernando  Castano,,,,2904 OAK RUN BLVD,34744,28.33072160327977,-81.37985148593327,https://www.property-appraiser.org/data/
A25-005796,012628000002200000,osceola_appraiser,Osceola County,open,2025-07-03,431,,,,,4635 WHISPERING PINES,34746,28.253876060902034,-81.47201204397668,https://www.property-appraiser.org/data/
BC-25-0221,182530000000520000,osceola_appraiser,City of Kissimmee,open,2025-07-03,431,,,,,2275 FORTUNE RD,34744,28.305493613406004,-81.35143214466922,https://www.property-appraiser.org/data/
BC-25-0227,292529197000010090,osceola_appraiser,City of Kissimmee,open,2025-07-10,424,,,,,3008 PATRICK ST,34741,28.288497825462372,-81.43345483073736,https://www.property-appraiser.org/data/
P24-008831,212531497800011060,osceola_appraiser,Osceola County,open,2025-07-14,420,,,,,107 POLERMO,34771,28.29316959833057,-81.22078129347145,https://www.property-appraiser.org/data/
A25-006142,052531426000010041,osceola_appraiser,Osceola County,open,2025-07-16,418,,,,,5160 BOGGY CREEK,34771,28.347611425341828,-81.23408983336543,https://www.property-appraiser.org/data/
P25-006827,012629364800010490,osceola_appraiser,Osceola County,open,2025-07-16,418,,,,,1556 BITTEROOT,34744,28.261209730976294,-81.37166834347151,https://www.property-appraiser.org/data/
A25-005978,302530496000010075,osceola_appraiser,Osceola County,open,2025-07-21,413,,,,,2411 IRLO BRONSON MEM E,34744,28.28182322362184,-81.34508333497357,https://www.property-appraiser.org/data/
P25-007665,142628308400010730,osceola_appraiser,Osceola County,open,2025-07-24,410,,,,,2841 MOONSTONE,34758,28.216848327987638,-81.47566717925439,https://www.property-appraiser.org/data/
A25-006368,042528000001150000,osceola_appraiser,Osceola County,open,2025-07-25,409,,,,,5881 IRLO BRONSON MEM,34746,28.33346536396939,-81.51915800632635,https://www.property-appraiser.org/data/
A25-006296,352527489600010C10,osceola_appraiser,Osceola County,open,2025-07-29,405,,,,,7456 EXCITEMENT,34747,28.260948986371677,-81.58674567670022,https://www.property-appraiser.org/data/
A25-006686,012529000000330000,osceola_appraiser,Osceola County,open,2025-08-01,402,,,,,270 BUEN VECINO,34743,28.341137649580126,-81.36681222286917,https://www.property-appraiser.org/data/
A25-006688,012529000000330000,osceola_appraiser,Osceola County,open,2025-08-01,402,,,,,280 BUEN VECINO,34743,28.341137649580126,-81.36681222286917,https://www.property-appraiser.org/data/
A25-006689,012529000000330000,osceola_appraiser,Osceola County,open,2025-08-01,402,,,,,290 BUEN VECINO,34743,28.341137649580126,-81.36681222286917,https://www.property-appraiser.org/data/
A25-006691,012529000000330000,osceola_appraiser,Osceola County,open,2025-08-01,402,,,,,300 BUEN VECINO,34743,28.341137649580126,-81.36681222286917,https://www.property-appraiser.org/data/
A25-006694,012529000000330000,osceola_appraiser,Osceola County,open,2025-08-01,402,,,,,295 BUEN VECINO,34743,28.341137649580126,-81.36681222286917,https://www.property-appraiser.org/data/
A25-006696,012529000000330000,osceola_appraiser,Osceola County,open,2025-08-01,402,,,,,285 BUEN VECINO,34743,28.341137649580126,-81.36681222286917,https://www.property-appraiser.org/data/
A25-006697,012529000000330000,osceola_appraiser,Osceola County,open,2025-08-01,402,,,,,265 BUEN VECINO,34743,28.341137649580126,-81.36681222286917,https://www.property-appraiser.org/data/
A25-006700,012529000000330000,osceola_appraiser,Osceola County,open,2025-08-01,402,,,,,250 BUEN VECINO,34743,28.341137649580126,-81.36681222286917,https://www.property-appraiser.org/data/
A25-006701,012529000000330000,osceola_appraiser,Osceola County,open,2025-08-01,402,,,,,260 BUEN VECINO,34743,28.341137649580126,-81.36681222286917,https://www.property-appraiser.org/data/
A25-006699,012529000000330000,osceola_appraiser,Osceola County,open,2025-08-04,399,,,,,255 BUEN VECINO,34743,28.341137649580126,-81.36681222286917,https://www.property-appraiser.org/data/
P25-007007,052531332600010450,osceola_appraiser,Osceola County,open,2025-08-06,397,,,,,5221 HAMMOCK POINTE,34771,28.33518540778422,-81.2340319388299,https://www.property-appraiser.org/data/
A25-006673,322530000001700000,osceola_appraiser,Osceola County,open,2025-08-18,385,,,,,1535 SIMMONS,34744,28.263565033893197,-81.32944241199804,https://www.property-appraiser.org/data/
P25-001818,292629294300011240,osceola_appraiser,Osceola County,open,2025-08-18,385,,,,,2561 SHOAL BASS,34746,28.17751454834377,-81.42893452015709,https://www.property-appraiser.org/data/
A25-007250,143033361000170170,osceola_appraiser,Osceola County,open,2025-08-22,381,,,,,1355 CANOE CREEK S,34739,27.876727254093563,-80.9908930179873,https://www.property-appraiser.org/data/
A25-007343,032529457700010020,osceola_appraiser,Osceola County,open,2025-08-25,378,,,,,1310 OSCEOLA W,34741,28.341806262721505,-81.41852117203787,https://www.property-appraiser.org/data/
A25-007032,302629000000110000,osceola_appraiser,Osceola County,open,2025-08-26,377,,,,,3250 PLEASANT HILL,34746,28.200002567599014,-81.4412369449935,https://www.property-appraiser.org/data/
A25-007280,112528321700010030,osceola_appraiser,Osceola County,open,2025-08-27,376,,,,,2880 POINCIANA,34746,28.33144543709732,-81.49022533391147,https://www.property-appraiser.org/data/
A25-007080,0526294510000A0490,osceola_appraiser,Osceola County,open,2025-08-29,374,,,,,3601 ORANGE BLOSSOM,34746,28.25965829061859,-81.44103879235531,https://www.property-appraiser.org/data/
A25-007721,292530333800010040,osceola_appraiser,Osceola County,open,2025-09-04,368,,,,,2515 PARTIN SETTLEMENT,34744,28.27930595352626,-81.34177087251165,https://www.property-appraiser.org/data/
P25-007205,072528278200013660,osceola_appraiser,Osceola County,open,2025-09-04,368,,,,,851 CELEBRATION,34747,28.317446402786036,-81.5455978479661,https://www.property-appraiser.org/data/
A25-007658,0526294510000A0490,osceola_appraiser,Osceola County,open,2025-09-05,367,,,,,3601 ORANGE BLOSSOM,34746,28.25965829061859,-81.44103879235531,https://www.property-appraiser.org/data/
A25-007659,0526294510000A0490,osceola_appraiser,Osceola County,open,2025-09-05,367,,,,,3601 ORANGE BLOSSOM,34746,28.25965829061859,-81.44103879235531,https://www.property-appraiser.org/data/
P25-008368,332530529400011450,osceola_appraiser,Osceola County,open,2025-09-05,367,,,,,3028 ALEKSEY VIEW,34744,28.266444668052227,-81.32166959550884,https://www.property-appraiser.org/data/
A25-007644,032527406200010010,osceola_appraiser,Osceola County,open,2025-09-09,363,,,,,2950 ENTRY POINT,34747,28.334959014997377,-81.59370511326341,https://www.property-appraiser.org/data/
A25-007877,072530000000400000,osceola_appraiser,Osceola County,open,2025-09-09,363,,,,,400 BUENAVENTURA,34743,28.328616061921448,-81.35194778982698,https://www.property-appraiser.org/data/
A22-006857,302530497000010040,osceola_appraiser,Osceola County,open,,,,,,,1099 CROSS PRAIRIE PKWY,34744,28.279810427855093,-81.35620216185472,https://www.property-appraiser.org/data/
A23-000663,102528000000150000,osceola_appraiser,Osceola County,open,,,,,,,5400 CAMELOT COUNTRY WAY,34746,28.319555502710045,-81.49820709566326,https://www.property-appraiser.org/data/
A24-005886,312527569800424202,osceola_appraiser,Osceola County,open,,,,,,,9066 AZALEA SANDS LN,33896,28.271599903659236,-81.65385661878892,https://www.property-appraiser.org/data/
A24-005887,312527565700011020,osceola_appraiser,Osceola County,open,,,,,,,9058 AZALEA SANDS LN,33896,28.271599114136432,-81.65354144704858,https://www.property-appraiser.org/data/
A24-005888,312527569600414102,osceola_appraiser,Osceola County,open,,,,,,,9050 AZALEA SANDS LN,33896,28.271549154679732,-81.65332682402719,https://www.property-appraiser.org/data/
A24-005890,312527569500404002,osceola_appraiser,Osceola County,open,,,,,,,9042 AZALEA SANDS LN,33896,28.271455327337247,-81.65306796163249,https://www.property-appraiser.org/data/
A24-005892,312527569400393902,osceola_appraiser,Osceola County,open,,,,,,,9034 AZALEA SANDS LN,33896,28.271327310177032,-81.65278740981739,https://www.property-appraiser.org/data/
A24-005897,312527569300383802,osceola_appraiser,Osceola County,open,,,,,,,9026 AZALEA SANDS LN,33896,28.27130810819132,-81.65246033967904,https://www.property-appraiser.org/data/
A24-005898,312527569200373702,osceola_appraiser,Osceola County,open,,,,,,,9018 AZALEA SANDS LN,33896,28.271310832113848,-81.65216282960297,https://www.property-appraiser.org/data/
A24-005900,312527569000343402,osceola_appraiser,Osceola County,open,,,,,,,9010 AZALEA SANDS LN,33896,28.271313516140967,-81.65188067624206,https://www.property-appraiser.org/data/
A24-005901,312527568900333302,osceola_appraiser,Osceola County,open,,,,,,,9002 AZALEA SANDS LN,33896,28.271316281370652,-81.65158687092583,https://www.property-appraiser.org/data/
A24-005902,312527568600303002,osceola_appraiser,Osceola County,open,,,,,,,8994 AZALEA SANDS LN,33896,28.27131902412068,-81.65129303171285,https://www.property-appraiser.org/data/
A24-005904,312527568500292902,osceola_appraiser,Osceola County,open,,,,,,,8986 AZALEA SANDS LN,33896,28.271321448564528,-81.65103417265054,https://www.property-appraiser.org/data/
A24-005906,312527568200262602,osceola_appraiser,Osceola County,open,,,,,,,8978 AZALEA SANDS LN,33896,28.27132387445397,-81.65077531316948,https://www.property-appraiser.org/data/
A24-005907,312527567900232302,osceola_appraiser,Osceola County,open,,,,,,,8970 AZALEA SANDS LN,33896,28.27132643300687,-81.65050200874965,https://www.property-appraiser.org/data/
A24-005908,312527567600202002,osceola_appraiser,Osceola County,open,,,,,,,8962 AZALEA SANDS LN,33896,28.271328992412723,-81.65022870436809,https://www.property-appraiser.org/data/
A24-005909,312527567400181802,osceola_appraiser,Osceola County,open,,,,,,,8954 AZALEA SANDS LN,33896,28.27133183645674,-81.64992473931963,https://www.property-appraiser.org/data/
A24-005910,312527567200161602,osceola_appraiser,Osceola County,open,,,,,,,8946 AZALEA SANDS LN,33896,28.271334683590247,-81.649620743754,https://www.property-appraiser.org/data/
A24-005911,312527567000141402,osceola_appraiser,Osceola County,open,,,,,,,8938 AZALEA SANDS LN,33896,28.27133732330815,-81.64933867943769,https://www.property-appraiser.org/data/
A24-005912,312527566800121202,osceola_appraiser,Osceola County,open,,,,,,,8930 AZALEA SANDS LN,33896,28.27133995446867,-81.64905656783073,https://www.property-appraiser.org/data/
A24-005913,312527566600101002,osceola_appraiser,Osceola County,open,,,,,,,8922 AZALEA SANDS LN,33896,28.271342680101853,-81.64876488531895,https://www.property-appraiser.org/data/
A24-005914,312527566300077020,osceola_appraiser,Osceola County,open,,,,,,,8914 AZALEA SANDS LN,33896,28.27134541115336,-81.64847320631294,https://www.property-appraiser.org/data/
A24-005980,312527566000044020,osceola_appraiser,Osceola County,open,,,,,,,8906 AZALEA SANDS LN,33896,28.271348600858392,-81.64813170202693,https://www.property-appraiser.org/data/
A24-005981,312527566900131301,osceola_appraiser,Osceola County,open,,,,,,,8947 AZALEA SANDS LN,33896,28.27178815639686,-81.6497097063312,https://www.property-appraiser.org/data/
A24-005982,312527566500099010,osceola_appraiser,Osceola County,open,,,,,,,8939 AZALEA SANDS LN,33896,28.271790724068683,-81.64943531626105,https://www.property-appraiser.org/data/
A24-005983,312527566200066010,osceola_appraiser,Osceola County,open,,,,,,,8931 AZALEA SANDS LN,33896,28.27179300214971,-81.64919195371701,https://www.property-appraiser.org/data/
A24-005984,312527565900033010,osceola_appraiser,Osceola County,open,,,,,,,8923 AZALEA SANDS LN,33896,28.2717960629152,-81.6488647210867,https://www.property-appraiser.org/data/
A24-005985,312527566100055020,osceola_appraiser,Osceola County,open,,,,,,,1263 LONG COVE LOOP,33896,28.27230521550118,-81.64851971316061,https://www.property-appraiser.org/data/
A24-005986,312527566400088020,osceola_appraiser,Osceola County,open,,,,,,,1255 LONG COVE LOOP,33896,28.27247027455658,-81.64882884080737,https://www.property-appraiser.org/data/
A25-000789,3026322613TRAC0WC0,osceola_appraiser,Osceola County,open,,,,,,,3500 HARMONY SQUARE DR W,34773,28.19114982900551,-81.1463298763397,https://www.property-appraiser.org/data/
A25-001465,17263152610001OS01,osceola_appraiser,Osceola County,open,,,,,,,4921 TWIN LAKES BLVD,34772,28.23015768112574,-81.24163432371331,https://www.property-appraiser.org/data/
A25-007826,012628000003100000,osceola_appraiser,Osceola County,open,,,,,,,1699 DOLORES DR,34746,28.256331869653984,-81.47259360083258,https://www.property-appraiser.org/data/
BC-23-0313,19252900U000120000,osceola_appraiser,City of Kissimmee,open,,,,,,,1101 N HOAGLAND BLVD,34741,28.30176902144134,-81.44428602797721,https://www.property-appraiser.org/data/
BC-23-0534,212529187400010010,osceola_appraiser,City of Kissimmee,open,,,,,,,700 W OAK ST,34741,28.299458948280126,-81.41009836526067,https://www.property-appraiser.org/data/
BC-24-0181,0825302015000100A0,osceola_appraiser,City of Kissimmee,open,,,,,,,2591 SIMPSON RD,34744,28.319765999394765,-81.33858811846767,https://www.property-appraiser.org/data/
BC-24-0185,222529217000190030,osceola_appraiser,City of Kissimmee,open,,,,,,,112 BROADWAY,34741,28.292733901439963,-81.40641757788386,https://www.property-appraiser.org/data/
BC-24-0241,172529125900010020,osceola_appraiser,City of Kissimmee,open,,,,,,,2161 W COLUMBIA AVE,34741,28.30844445796765,-81.42573571024363,https://www.property-appraiser.org/data/
BC-24-0334,2825291577000G0012,osceola_appraiser,City of Kissimmee,open,,,,,,,1200 S JOHN YOUNG PKWY,34741,28.28100331084967,-81.41726071048092,https://www.property-appraiser.org/data/
BC-25-0041,222529217000110060,osceola_appraiser,City of Kissimmee,open,,,,,,,109 BROADWAY,34741,28.29307606499198,-81.40706330462139,https://www.property-appraiser.org/data/
BC-25-0204,222529156900010010,osceola_appraiser,City of Kissimmee,open,,,,,,,1019 N MAIN ST,34741,28.301510968337123,-81.40330086532086,https://www.property-appraiser.org/data/
BC-25-0210,212529223100010010,osceola_appraiser,City of Kissimmee,open,,,,,,,711 N THACKER AVE,34741,28.29814170080817,-81.42372811175748,https://www.property-appraiser.org/data/
P13-001364,012628302700010510,osceola_appraiser,Osceola County,open,,,,,,,4551 CALADIUM CT,34758,28.24870915456895,-81.46517626233832,https://www.property-appraiser.org/data/
P21-010414,252628612015910030,osceola_appraiser,Osceola County,open,,,,,,,839 ALPINE,34758,28.155468563703543,-81.45019428803002,https://www.property-appraiser.org/data/
